[{"model": "accounts.account", "pk": 1, "fields": {"password": "pbkdf2_sha256$260000$wbK7I0uDJ7nRrDPPUQe1qq$0Im+dYSJ9pyueFOik8Yglt2e5QfdULxw7KaTjP5t0as=", "email": "cjcon90@pm.me", "first_name": "Ciaran", "last_name": "Concannon", "newsletter": true, "date_joined": "2021-05-26T12:52:05.262Z", "last_login": "2021-06-20T17:29:36.099Z", "is_admin": true, "is_active": true, "is_staff": true, "is_superuser": true}}, {"model": "accounts.account", "pk": 2, "fields": {"password": "pbkdf2_sha256$260000$gC9Qp4B1v5bh7RP5h7msmt$QOFx+Ob75QyVCDk10bngS3UmjTpMJj6YzIW+76VxD2E=", "email": "john@example.com", "first_name": "John", "last_name": "Doe", "newsletter": false, "date_joined": "2021-05-29T09:56:32.467Z", "last_login": "2021-06-19T12:17:48.511Z", "is_admin": false, "is_active": true, "is_staff": false, "is_superuser": false}}, {"model": "accounts.account", "pk": 3, "fields": {"password": "pbkdf2_sha256$260000$gC9Qp4B1v5bh7RP5h7msmt$QOFx+Ob75QyVCDk10bngS3UmjTpMJj6YzIW+76VxD2E=", "email": "jane@example.com", "first_name": "Jane", "last_name": "Doe", "newsletter": false, "date_joined": "2021-05-29T10:00:17.897Z", "last_login": "2021-05-29T10:00:35.210Z", "is_admin": false, "is_active": true, "is_staff": false, "is_superuser": false}}, {"model": "accounts.account", "pk": 11, "fields": {"password": "pbkdf2_sha256$260000$stZSZcklLjpyMHLWRLXqES$jBbXdamSor1DoKuEbcoH4YEaoxc1HpDAEKTffzp0Eik=", "email": "jimmy@example.com", "first_name": "Jimmy", "last_name": "Example", "newsletter": true, "date_joined": "2021-05-31T09:16:53.463Z", "last_login": "2021-06-20T13:04:51.643Z", "is_admin": false, "is_active": true, "is_staff": false, "is_superuser": false}}, {"model": "accounts.account", "pk": 12, "fields": {"password": "pbkdf2_sha256$260000$2yQculOuSuI4fvMmbiUVgS$3c2F1BDSPp4tPJqYgAXv+U4hmHC+6yLvVgs4MzEPfl0=", "email": "bill@example.com", "first_name": "Bill", "last_name": "Example", "newsletter": true, "date_joined": "2021-06-19T21:02:22.874Z", "last_login": "2021-06-19T21:02:23.024Z", "is_admin": false, "is_active": true, "is_staff": false, "is_superuser": false}}, {"model": "accounts.address", "pk": 1, "fields": {"user": 1, "street_address_1": "Apartment 41", "street_address_2": "Rathmines Town Centre", "town_or_city": "Dublin 6", "county": "Dublin", "postcode": "D06 E221", "country": "IE", "phone_number": "0876723100"}}, {"model": "accounts.address", "pk": 3, "fields": {"user": 2, "street_address_1": "asdfasdfasdf", "street_address_2": null, "town_or_city": "asdf", "county": "asdf", "postcode": "asd", "country": "IE", "phone_number": "234234234234"}}, {"model": "accounts.address", "pk": 4, "fields": {"user": 12, "street_address_1": "asdfasdf", "street_address_2": null, "town_or_city": "asdfasdf", "county": "asdfasdf", "postcode": "asdfasdf", "country": "IE", "phone_number": "345345345345"}}, {"model": "products.category", "pk": 1, "fields": {"title": "Acoustic Drums", "slug": "acoustic-drums", "ordering": 1}}, {"model": "products.category", "pk": 2, "fields": {"title": "Electronic Drums", "slug": "electronic-drums", "ordering": 2}}, {"model": "products.category", "pk": 3, "fields": {"title": "Cymbals", "slug": "cymbals", "ordering": 3}}, {"model": "products.category", "pk": 4, "fields": {"title": "Accessories", "slug": "accessories", "ordering": 4}}, {"model": "products.subcategory", "pk": 1, "fields": {"parent": 1, "title": "Acoustic Kits", "slug": "acoustic-kits", "ordering": 1}}, {"model": "products.subcategory", "pk": 2, "fields": {"parent": 1, "title": "Snare Drums", "slug": "snare-drums", "ordering": 2}}, {"model": "products.subcategory", "pk": 3, "fields": {"parent": 3, "title": "Cymbal Sets", "slug": "cymbal-sets", "ordering": 1}}, {"model": "products.subcategory", "pk": 4, "fields": {"parent": 3, "title": "Hi-Hats", "slug": "hi-hats", "ordering": 2}}, {"model": "products.subcategory", "pk": 5, "fields": {"parent": 3, "title": "Crash Cymbals", "slug": "crash-cymbals", "ordering": 3}}, {"model": "products.subcategory", "pk": 6, "fields": {"parent": 3, "title": "Ride Cymbals", "slug": "ride-cymbals", "ordering": 4}}, {"model": "products.subcategory", "pk": 7, "fields": {"parent": 2, "title": "Electronic Kits", "slug": "electronic-kits", "ordering": 1}}, {"model": "products.subcategory", "pk": 8, "fields": {"parent": 2, "title": "Sound Modules", "slug": "sound-modules", "ordering": 2}}, {"model": "products.subcategory", "pk": 9, "fields": {"parent": 4, "title": "Drumsticks", "slug": "drumsticks", "ordering": 1}}, {"model": "products.subcategory", "pk": 10, "fields": {"parent": 4, "title": "Drumheads", "slug": "drumheads", "ordering": 2}}, {"model": "products.subcategory", "pk": 11, "fields": {"parent": 4, "title": "Hardware", "slug": "hardware", "ordering": 3}}, {"model": "products.subcategory", "pk": 12, "fields": {"parent": 4, "title": "Microphones", "slug": "microphones", "ordering": 4}}, {"model": "products.type", "pk": 1, "fields": {"parent": 1, "title": "2-Toms", "slug": "2-toms", "ordering": 1}}, {"model": "products.type", "pk": 2, "fields": {"parent": 1, "title": "3-Toms", "slug": "3-toms", "ordering": 2}}, {"model": "products.type", "pk": 3, "fields": {"parent": 1, "title": "4-Toms", "slug": "4-toms", "ordering": 3}}, {"model": "products.type", "pk": 4, "fields": {"parent": 2, "title": "Wooden", "slug": "wooden", "ordering": 1}}, {"model": "products.type", "pk": 5, "fields": {"parent": 2, "title": "Metal", "slug": "metal", "ordering": 2}}, {"model": "products.type", "pk": 6, "fields": {"parent": 11, "title": "Thrones", "slug": "thrones", "ordering": 1}}, {"model": "products.type", "pk": 7, "fields": {"parent": 11, "title": "Pedals", "slug": "pedals", "ordering": 2}}, {"model": "products.type", "pk": 8, "fields": {"parent": 9, "title": "5A", "slug": "5a", "ordering": 1}}, {"model": "products.type", "pk": 9, "fields": {"parent": 9, "title": "7A", "slug": "7a", "ordering": 2}}, {"model": "products.type", "pk": 10, "fields": {"parent": 9, "title": "5B", "slug": "5b", "ordering": 3}}, {"model": "products.brand", "pk": 1, "fields": {"name": "Ahead", "slug": "ahead", "logo": "brands/ahead_zXlTAPE.webp"}}, {"model": "products.brand", "pk": 2, "fields": {"name": "Alesis", "slug": "alesis", "logo": "brands/alesis_M8rQGFJ.webp"}}, {"model": "products.brand", "pk": 3, "fields": {"name": "Audix", "slug": "audix", "logo": "brands/audix_FsKEBwk.webp"}}, {"model": "products.brand", "pk": 4, "fields": {"name": "DW", "slug": "dw", "logo": "brands/dw_EX4H9Ik.webp"}}, {"model": "products.brand", "pk": 5, "fields": {"name": "Evans", "slug": "evans", "logo": "brands/evans_3VWZm1j.webp"}}, {"model": "products.brand", "pk": 6, "fields": {"name": "Gibraltar", "slug": "gibraltar", "logo": "brands/gibraltar_nDgQ8y4.webp"}}, {"model": "products.brand", "pk": 7, "fields": {"name": "Ludwig", "slug": "ludwig", "logo": "brands/ludwig_h0VTp14.webp"}}, {"model": "products.brand", "pk": 8, "fields": {"name": "Meinl", "slug": "meinl", "logo": "brands/meinl_aqHJIQZ.webp"}}, {"model": "products.brand", "pk": 9, "fields": {"name": "Paiste", "slug": "paiste", "logo": "brands/paiste_VSpoCbM.webp"}}, {"model": "products.brand", "pk": 10, "fields": {"name": "Pearl", "slug": "pearl", "logo": "brands/pearl_yUVLzNY.webp"}}, {"model": "products.brand", "pk": 11, "fields": {"name": "ProMark", "slug": "promark", "logo": "brands/promark_iWaijxG.webp"}}, {"model": "products.brand", "pk": 12, "fields": {"name": "Remo", "slug": "remo", "logo": "brands/remo_tstFAS3.webp"}}, {"model": "products.brand", "pk": 13, "fields": {"name": "Roland", "slug": "roland", "logo": "brands/roland_pKLkV73.webp"}}, {"model": "products.brand", "pk": 14, "fields": {"name": "Sabian", "slug": "sabian", "logo": "brands/sabian_NWIEZvl.webp"}}, {"model": "products.brand", "pk": 15, "fields": {"name": "Sennheiser", "slug": "sennheiser", "logo": "brands/sennheiser_NvWw6Qz.webp"}}, {"model": "products.brand", "pk": 16, "fields": {"name": "Shure", "slug": "shure", "logo": "brands/shure_qzCPMaw.webp"}}, {"model": "products.brand", "pk": 17, "fields": {"name": "Sonor", "slug": "sonor", "logo": "brands/sonor_uvBmBWv.webp"}}, {"model": "products.brand", "pk": 18, "fields": {"name": "Tama", "slug": "tama", "logo": "brands/tama_pnTGvB2.webp"}}, {"model": "products.brand", "pk": 19, "fields": {"name": "Vic Firth", "slug": "vic-firth", "logo": "brands/vic_firth_OUJLLib.webp"}}, {"model": "products.brand", "pk": 20, "fields": {"name": "Yamaha", "slug": "yamaha", "logo": "brands/yamaha_GpzBPFI.webp"}}, {"model": "products.brand", "pk": 21, "fields": {"name": "Zildjian", "slug": "zildjian", "logo": "brands/zildjian_0xt6SgF.webp"}}, {"model": "products.product", "pk": 1, "fields": {"category": 1, "subcategory": 2, "type": 5, "title": "Pearl DC1450S Dennis Chambers Snare", "slug": "pearl-dc1450s-dennis-chambers-snare", "brand": 10, "description": "Considered by many to be one of the greatest drummers of all time, Pearl's Signature Snare drum collaboration with the great Dennis Chambers is a celebration of three decades of partnership, and a unique tribute to his diverse playing talents.", "price": "877.00", "stock": 16, "date_added": "2021-05-26T13:25:09.742Z", "image": "products/11288892_800.webp", "thumbnail": "products/thumbnails/11288892_800_SWMoqPb.webp"}}, {"model": "products.product", "pk": 2, "fields": {"category": 3, "subcategory": 3, "type": null, "title": "Zildjian A-Custom Professional Set", "slug": "zildjian-a-custom-professional-set", "brand": 21, "description": "Recognized by their striking brilliant finish, A Custom cymbals feature unique tonal grooves and lower profiles. Together, these attributes produce a smoother, glassier and brighter sounding cymbal with more give when struck. It is these qualities that have made the sound of A Customs particularly sought after in the studio. Set consisting of: 14\" Hats, 16\" & 18\" Crash, 20\" Medium Ride,", "price": "799.00", "stock": 23, "date_added": "2021-05-26T13:31:00.110Z", "image": "products/10739257_800_ZOGUktY.webp", "thumbnail": "products/thumbnails/10739257_800_ZOGUktY_5udylUf.webp"}}, {"model": "products.product", "pk": 3, "fields": {"category": 4, "subcategory": 9, "type": 9, "title": "Vic Firth 7A American Classic Hickory", "slug": "vic-firth-7a-american-classic-hickory", "brand": 19, "description": "Hickory wood with wooden, teardrop tips. Perfect for all jazz styles, big band, combos, etc.", "price": "10.20", "stock": 80, "date_added": "2021-05-26T13:33:11.453Z", "image": "products/13297376_800.webp", "thumbnail": "products/thumbnails/13297376_800.webp"}}, {"model": "products.product", "pk": 4, "fields": {"category": 4, "subcategory": 9, "type": 8, "title": "Vic Firth 5A American Classic Hickory", "slug": "vic-firth-5a-american-classic-hickory", "brand": 19, "description": "Hickory wood with wooden, teardrop tips. Ideal for rock and as practice sticks", "price": "9.20", "stock": 115, "date_added": "2021-05-26T13:34:50.876Z", "image": "products/13297376_8001.webp", "thumbnail": "products/thumbnails/13297376_8001_tSrGdqA.webp"}}, {"model": "products.product", "pk": 5, "fields": {"category": 1, "subcategory": 1, "type": 2, "title": "DW Performance Standard Black Diamond", "slug": "dw-performance-standard-black-diamond", "brand": 4, "description": "Custom-inspired, with a new Quarter Turret lug, low mass die-cast claw hook, new badge, logo head and your choice of 4 hand-sprayed Specialty Lacquer, a Tobacco Satin Oil, or 4 ultra-durable FinishPly™ finishes, it's designed to get noticed and most importantly, Performance sounds like what you'd expect from DW.", "price": "2499.00", "stock": 21, "date_added": "2021-05-26T22:47:46.035Z", "image": "products/10791340_800.webp", "thumbnail": "products/thumbnails/10791340_800_do7jY5N.webp"}}, {"model": "products.product", "pk": 6, "fields": {"category": 1, "subcategory": 1, "type": 2, "title": "DW Performance Standard Ebony", "slug": "dw-performance-standard-ebony", "brand": 4, "description": "Custom-inspired, with a new Quarter Turret lug, low mass die-cast claw hook, new badge, logo head and your choice of 4 hand-sprayed Specialty Lacquer, a Tobacco Satin Oil, or 4 ultra-durable FinishPly™ finishes, it's designed to get noticed and most importantly, Performance sounds like what you'd expect from DW.", "price": "2430.00", "stock": 0, "date_added": "2021-05-26T22:49:38.140Z", "image": "products/12065966_800.webp", "thumbnail": "products/thumbnails/12065966_800.webp"}}, {"model": "products.product", "pk": 7, "fields": {"category": 1, "subcategory": 1, "type": 1, "title": "Pearl Masters Maple-Gum 3pcs", "slug": "pearl-masters-maple-gum-3pcs", "brand": 10, "description": "Pearl Masters Maple/Gum, limited 75th anniversary edition, MMG923XSP/C187, Colour: Silver White Swirl (#187), laquered shells, material: 6-ply maple/gum shells, 60° bearing edge, configuration: 22\"x16\" bass drum (undrilled), 12\"x08\" tom, 16\"x16\" floortom, Mastercast die-cast hoops, CL bridge style lugs, Optimount tom mounting system, Hybridkessel mit präzisen Mitten und viel low-end explosive midrange warmth and extended low-end, power", "price": "2777.00", "stock": 15, "date_added": "2021-05-26T22:51:37.166Z", "image": "products/16125766_800.webp", "thumbnail": "products/thumbnails/16125766_800_vSzJ21t.webp"}}, {"model": "products.product", "pk": 8, "fields": {"category": 1, "subcategory": 1, "type": 1, "title": "Ludwig Classic Maple Vintage White Marine", "slug": "ludwig-classic-maple-vintage-white-marine", "brand": 7, "description": "lassic Maple series drums have been the professional choice for over 20 years. Its full tonality, rich sustain, and exceptional versatility has made these drums the premier choice for any performance application. Utilizing a process refined through over a century of drum making, Classic Maple drums preserve the signature Ludwig sound with optimal performance.", "price": "2799.00", "stock": 23, "date_added": "2021-05-26T22:53:27.448Z", "image": "products/13837121_800.webp", "thumbnail": "products/thumbnails/13837121_800_Xxd3IFu.webp"}}, {"model": "products.product", "pk": 9, "fields": {"category": 1, "subcategory": 1, "type": 3, "title": "Sonor SQ2 Rock Set Beech Creme White", "slug": "sonor-sq2-rock-set-beech-creme-white", "brand": 17, "description": "The SQ2 series represents the pinnacle of Sonor's more than 140 years of drum expertise. Every SQ2 Vintage Maple shell is hand sanded and finished for custom quality you can see. Reinforcement rings impart a touch of old-school magic, as do the White Marine Pearl wraps, which hark back to Sonor's brightest day in the '60s sun. Advanced features like tone-maximizing T.A.R. tom mounts with Advanced Project System (APS) grommets, performance-stable TuneSafe lugs, and crisp, clean 2.3mm Power Hoops make the Sonor SQ2 series some of the best-recording, best-playing drums we've come across.", "price": "5200.00", "stock": 11, "date_added": "2021-05-26T22:56:49.325Z", "image": "products/15658430_800.webp", "thumbnail": "products/thumbnails/15658430_800_jiavQ4K.webp"}}, {"model": "products.product", "pk": 10, "fields": {"category": 1, "subcategory": 1, "type": 2, "title": "Tama Star Drum Bubinga", "slug": "tama-star-drum-bubinga", "brand": 18, "description": "Tama Star Drum Kits are Tama's flagship drum series, culminating from years of development of the Starclassic Series and in-depth research into tone and shell resonance. Each kit is crafted by hand to ensure nothing but the best build quality in Tama's drum lineup. Each shell features redesigned bearing edges for maximum skin-shell contact, Tama's Super Resonant Mounting System to increase natural resonance, and Quick-Lock Tom Brackets for a quick and convenient setup.", "price": "5100.00", "stock": 4, "date_added": "2021-05-26T23:00:08.026Z", "image": "products/14162622_800.webp", "thumbnail": "products/thumbnails/14162622_800_gqTm8gz.webp"}}, {"model": "products.product", "pk": 11, "fields": {"category": 1, "subcategory": 2, "type": 4, "title": "Pearl 14\"x6,5\" Masters Reserve", "slug": "pearl-14x65-masters-reserve", "brand": 10, "description": "Projecting with vintage flair and rich tonal balance, Masters Maple Reserve's vibrant sonic character is truly something to be experienced.\r\n\r\nDerived from the original Masters shell recipe, Masters Maple Reserve Snare Drums fuse a thin 4-ply North American Maple shell with 4-ply Reinforcement rings and a slim hardware combination of STL Swivel lugs and FatTone Hoops.\r\n\r\nThis classic, minimalist combination creates an open resonance chamber with tight top end for crispy snare rattle and smooth midrange projection.", "price": "685.00", "stock": 22, "date_added": "2021-05-27T09:07:29.824Z", "image": "products/13930916_800.webp", "thumbnail": "products/thumbnails/13930916_800_eSdohRq.webp"}}, {"model": "products.product", "pk": 13, "fields": {"category": 4, "subcategory": 12, "type": null, "title": "Audix DP5-A Drum Microphone Set", "slug": "audix-dp5-a-drum-microphone-set", "brand": 3, "description": "The DP5A professional drum microphone pack contains five microphones required to mic a standard rock kit: kick, snare, rack toms, and floor tom. Perfect for stage or studio, this selection of dynamic drum microphones features exclusive Audix VLMTM capsule technology offering accurate sound reproduction in very high SPL applications. Microphone clips, mounts, and a rugged aluminum carrying case are included.", "price": "655.00", "stock": 16, "date_added": "2021-05-27T10:00:16.442Z", "image": "products/7417561_800.webp", "thumbnail": "products/thumbnails/7417561_800_550tNJI.webp"}}, {"model": "products.product", "pk": 14, "fields": {"category": 4, "subcategory": 12, "type": null, "title": "Shure PGA Drumkit 6", "slug": "shure-pga-drumkit-6", "brand": 16, "description": "Drum microphone kit includes 4 drum microphones to cover all you need in performance and recording applications. Includes 1 PGA52 kick drum microphone, 2 PGA56 drum microphones, 3 PGA instrument microphones, 2 drum mounts, and 6 XLR cables.", "price": "498.00", "stock": 16, "date_added": "2021-05-27T10:04:02.395Z", "image": "products/9842226_800.webp", "thumbnail": "products/thumbnails/9842226_800.webp"}}, {"model": "products.product", "pk": 16, "fields": {"category": 3, "subcategory": 5, "type": null, "title": "Sabian 16\" AAX AAXplosion Crash", "slug": "sabian-16-aax-aaxplosion-crash", "brand": 14, "description": "Sabian X-plosion redefined the meaning of what a Thin cymbal could be. Sabian’s innovative lathing and hammering techniques result in a cymbal that draws on the full power potential of a thinner weight. Super-fast, full response that cuts with unprecedented clarity and cut will keep you ahead of any mix. Punchy and bright, they consistently deliver.", "price": "229.00", "stock": 21, "date_added": "2021-05-27T10:10:01.315Z", "image": "products/14008087_800.webp", "thumbnail": "products/thumbnails/14008087_800_RIWiy0o.webp"}}, {"model": "products.product", "pk": 18, "fields": {"category": 2, "subcategory": 8, "type": null, "title": "Roland TD-27 Drum Module", "slug": "roland-td-27-drum-module", "brand": 13, "description": "Roland TD-27 V-Drums offer a flagship playing experience with an easy to use interface. With a digital snare and ride cymbal, along with larger pads and a full size frame, the TD-27KV offers drummers a kit which supports advanced playing techniques and professional quality sounds.", "price": "1190.00", "stock": 28, "date_added": "2021-05-27T10:36:44.654Z", "image": "products/14885955_800.webp", "thumbnail": "products/thumbnails/14885955_800.webp"}}, {"model": "products.product", "pk": 19, "fields": {"category": 2, "subcategory": 7, "type": null, "title": "Alesis Strike Pro Special Edition", "slug": "alesis-strike-pro-special-edition", "brand": 2, "description": "The Strike Pro Special Edition is a standard-setting electronic drum kit that features a full-sized 20” kick for incredible feel and impact, latest-generation mesh heads for unequalled response and the most capable, versatile drum module ever. The full-sized kick gives drummers an unprecedented degree of response and impact—unmatched by any other electronic kit—enabling the Strike Pro Special Edition to absolutely redefine the playing experience and realism for electronic drums.", "price": "2299.00", "stock": 0, "date_added": "2021-05-27T10:39:02.606Z", "image": "products/15746701_800.webp", "thumbnail": "products/thumbnails/15746701_800_L602pie.webp"}}, {"model": "products.product", "pk": 20, "fields": {"category": 3, "subcategory": 4, "type": null, "title": "Sabian 14\" AAX X-Plosion Hi-Hat", "slug": "sabian-14-aax-x-plosion-hi-hat", "brand": 14, "description": "Sabian X-plosion redefined the meaning of what a Thin cymbal could be. Sabian’s innovative lathing and hammering techniques result in a cymbal that draws on the full power potential of a thinner weight. Super-fast, full response that cuts with unprecedented clarity and cut will keep you ahead of any mix. Punchy and bright, they consistently deliver.", "price": "379.00", "stock": 35, "date_added": "2021-05-28T18:58:49.577Z", "image": "products/15156523_800.webp", "thumbnail": "products/thumbnails/15156523_800.webp"}}, {"model": "products.product", "pk": 21, "fields": {"category": 4, "subcategory": 10, "type": null, "title": "Evans G2 Studio / Fusion Set Coated", "slug": "evans-g2-studio-fusion-set-coated", "brand": 5, "description": "Fusion tom pack (10\",12\", 14\") drum heads made using two plies of 7mil film for consistency and durability for longer playing time.\r\n\r\nVery versatile head for all music genre applications, a true working drummer's choice.\r\n\r\nCoated to deliver additional warmth, focus, and depth.", "price": "45.00", "stock": 87, "date_added": "2021-05-30T17:45:36.911Z", "image": "products/7220347_800.jpeg", "thumbnail": "products/thumbnails/7220347_800.jpeg"}}, {"model": "products.product", "pk": 22, "fields": {"category": 4, "subcategory": 11, "type": 6, "title": "Gibraltar 9608MB Drum Throne", "slug": "gibraltar-9608mb-drum-throne", "brand": 6, "description": "Saddle seat with cordura top and vinyl edges, made with top grade memory foam for maximum comfort. Height range: 20” to 26”", "price": "185.00", "stock": 46, "date_added": "2021-06-19T18:38:53.017Z", "image": "products/14718396_800.webp", "thumbnail": "products/thumbnails/14718396_800.webp"}}, {"model": "products.product", "pk": 24, "fields": {"category": 3, "subcategory": 6, "type": null, "title": "Paiste 20\" Signature Full Ride", "slug": "paiste-20-signature-full-ride", "brand": 9, "description": "Medium bright, full, rich. Wide range, balanced mix. Even response with clear, silvery stick sound supported by full wash. Very musical, general purpose ride with big sound.", "price": "400.00", "stock": 14, "date_added": "2021-06-19T19:21:06.158Z", "image": "products/10392092_800.webp", "thumbnail": "products/thumbnails/10392092_800.webp"}}, {"model": "products.product", "pk": 25, "fields": {"category": 3, "subcategory": 3, "type": null, "title": "Meinl Classics Custom Extreme Set", "slug": "meinl-classics-custom-extreme-set", "brand": 8, "description": "Strong and energetic open hihat sound with a sharp, piercing chick sound. Outstanding loud and powerful hihat which cuts through aggressive music.", "price": "615.00", "stock": 15, "date_added": "2021-06-19T19:23:16.674Z", "image": "products/11694148_800.webp", "thumbnail": "products/thumbnails/11694148_800.webp"}}, {"model": "products.product", "pk": 26, "fields": {"category": 2, "subcategory": 7, "type": null, "title": "Yamaha DTX6K2-X E-Drum Set", "slug": "yamaha-dtx6k2-x-e-drum-set", "brand": 20, "description": "With improvements in every area, the Yamaha DTX6K2-X Electronic Drum Kit offers unrivalled realism, both in rehearsal and on the road. Its newly updated DTX-PRO drum trigger module comes loaded with over 400 exclusively recorded, top-quality drum samples, and features all-new 'Kit Modifier' controls, for instant adjustment of compression, real sampled room ambience, and classic Yamaha effects", "price": "1400.00", "stock": 15, "date_added": "2021-06-19T19:27:49.007Z", "image": "products/15948160_800.webp", "thumbnail": "products/thumbnails/15948160_800.webp"}}, {"model": "products.product", "pk": 27, "fields": {"category": 4, "subcategory": 11, "type": 7, "title": "Gibraltar 6711DD-DB Double Pedal", "slug": "gibraltar-6711dd-db-double-pedal", "brand": 6, "description": "Direct Drive Double Bass Drum Pedal. New features include; fast touch “G” pedal board design and dual surface balanced bass drum beater. Single pedals have a two bearing per drive system; four on double pedals. Easy key access adjustable hoop clamp, adjustable spring tension and Rock stabilizer plates with spring loaded spurs and just enough Velcro to hold position", "price": "330.00", "stock": 15, "date_added": "2021-06-19T19:31:19.364Z", "image": "products/10796880_800.webp", "thumbnail": "products/thumbnails/10796880_800.webp"}}, {"model": "products.product", "pk": 28, "fields": {"category": 4, "subcategory": 10, "type": null, "title": "Evans EC2S Studio / Fusion Set Clear", "slug": "evans-ec2s-studio-fusion-set-clear", "brand": 5, "description": "Evans EC2S Clear series contains two plies of 7mil film for optimized attack, tone, length of sustain, and ease of tuning for each size head. This drumhead features Sound Shaping Technology (SST) for a well-balanced sound, incorporated with Evans Level 360 Technology for ease of tuning, extended pitch range and optimum quality of sound.\r\nSet features: 10\", 12\", 14\" tom heads", "price": "45.00", "stock": 60, "date_added": "2021-06-19T19:42:21.098Z", "image": "products/8388485_800.jpg", "thumbnail": "products/thumbnails/8388485_800.jpg"}}, {"model": "products.rating", "pk": 1, "fields": {"user_id": 1, "product": 18, "rating": 80, "date_added": "2021-05-29T09:11:57.501Z"}}, {"model": "products.rating", "pk": 2, "fields": {"user_id": 1, "product": 20, "rating": 80, "date_added": "2021-05-29T09:55:13.572Z"}}, {"model": "products.rating", "pk": 3, "fields": {"user_id": 1, "product": 19, "rating": 100, "date_added": "2021-05-29T09:55:24.058Z"}}, {"model": "products.rating", "pk": 7, "fields": {"user_id": 2, "product": 20, "rating": 100, "date_added": "2021-05-29T09:57:03.304Z"}}, {"model": "products.rating", "pk": 8, "fields": {"user_id": 2, "product": 19, "rating": 100, "date_added": "2021-05-29T09:57:12.639Z"}}, {"model": "products.rating", "pk": 9, "fields": {"user_id": 2, "product": 18, "rating": 100, "date_added": "2021-05-29T09:57:21.085Z"}}, {"model": "products.rating", "pk": 11, "fields": {"user_id": 2, "product": 16, "rating": 100, "date_added": "2021-05-29T09:57:50.942Z"}}, {"model": "products.rating", "pk": 13, "fields": {"user_id": 2, "product": 14, "rating": 100, "date_added": "2021-05-29T09:58:03.968Z"}}, {"model": "products.rating", "pk": 14, "fields": {"user_id": 1, "product": 16, "rating": 80, "date_added": "2021-05-29T09:59:44.313Z"}}, {"model": "products.rating", "pk": 15, "fields": {"user_id": 3, "product": 20, "rating": 80, "date_added": "2021-05-29T10:00:52.783Z"}}, {"model": "products.rating", "pk": 16, "fields": {"user_id": 3, "product": 19, "rating": 60, "date_added": "2021-05-29T10:01:03.089Z"}}, {"model": "products.rating", "pk": 17, "fields": {"user_id": 3, "product": 18, "rating": 80, "date_added": "2021-05-29T10:01:10.835Z"}}, {"model": "products.rating", "pk": 19, "fields": {"user_id": 3, "product": 16, "rating": 60, "date_added": "2021-05-29T10:01:30.281Z"}}, {"model": "products.rating", "pk": 21, "fields": {"user_id": 3, "product": 14, "rating": 80, "date_added": "2021-05-29T10:01:44.735Z"}}, {"model": "products.rating", "pk": 23, "fields": {"user_id": 1, "product": 1, "rating": 80, "date_added": "2021-05-29T10:13:01.546Z"}}, {"model": "products.rating", "pk": 25, "fields": {"user_id": 3, "product": 5, "rating": 80, "date_added": "2021-05-29T10:13:13.794Z"}}, {"model": "products.rating", "pk": 26, "fields": {"user_id": 1, "product": 5, "rating": 80, "date_added": "2021-05-29T10:13:23.146Z"}}, {"model": "products.rating", "pk": 27, "fields": {"user_id": 2, "product": 4, "rating": 60, "date_added": "2021-05-29T10:13:46.876Z"}}, {"model": "products.rating", "pk": 28, "fields": {"user_id": 1, "product": 2, "rating": 100, "date_added": "2021-05-29T17:06:59.252Z"}}, {"model": "products.rating", "pk": 29, "fields": {"user_id": 1, "product": 3, "rating": 80, "date_added": "2021-05-29T20:19:15.074Z"}}, {"model": "products.rating", "pk": 31, "fields": {"user_id": 1, "product": 11, "rating": 80, "date_added": "2021-05-29T20:22:32.354Z"}}, {"model": "products.rating", "pk": 32, "fields": {"user_id": 1, "product": 10, "rating": 100, "date_added": "2021-05-29T20:22:35.474Z"}}, {"model": "products.rating", "pk": 33, "fields": {"user_id": 1, "product": 9, "rating": 100, "date_added": "2021-05-29T20:22:38.259Z"}}, {"model": "products.rating", "pk": 34, "fields": {"user_id": 1, "product": 8, "rating": 100, "date_added": "2021-05-29T20:22:41.666Z"}}, {"model": "products.rating", "pk": 35, "fields": {"user_id": 1, "product": 7, "rating": 80, "date_added": "2021-05-29T20:22:43.945Z"}}, {"model": "products.rating", "pk": 36, "fields": {"user_id": 1, "product": 6, "rating": 80, "date_added": "2021-05-29T22:18:17.124Z"}}, {"model": "products.rating", "pk": 40, "fields": {"user_id": 1, "product": 4, "rating": 80, "date_added": "2021-05-30T22:34:51.738Z"}}, {"model": "products.rating", "pk": 41, "fields": {"user_id": 2, "product": 21, "rating": 80, "date_added": "2021-05-30T23:12:23.841Z"}}, {"model": "products.rating", "pk": 43, "fields": {"user_id": 1, "product": 21, "rating": 100, "date_added": "2021-05-30T23:51:00.364Z"}}, {"model": "products.rating", "pk": 46, "fields": {"user_id": 1, "product": 27, "rating": 80, "date_added": "2021-06-19T20:13:49.269Z"}}, {"model": "products.review", "pk": 1, "fields": {"rating": 1, "headline": "Great module", "content": "I was really blown away by the sound quality of this module. It's one of the more expensive modules out there but it really feels like a whole new drum kit. Would definitely recommend!", "date_added": "2021-05-29T09:15:08.046Z"}}, {"model": "products.review", "pk": 2, "fields": {"rating": 40, "headline": "Ol' reliable", "content": "Perfect sticks for almost all occasions.", "date_added": "2021-05-30T22:34:51.751Z"}}, {"model": "products.review", "pk": 6, "fields": {"rating": 43, "headline": "Unbeatable", "content": "My go-to drumheads for any genre - incredibly versatile, and fantastic for live playing!", "date_added": "2021-05-30T23:51:00.381Z"}}, {"model": "products.review", "pk": 7, "fields": {"rating": 33, "headline": "Great", "content": "woooo", "date_added": "2021-06-14T12:26:56.361Z"}}, {"model": "products.review", "pk": 8, "fields": {"rating": 3, "headline": "great", "content": "woooo", "date_added": "2021-06-14T12:28:54.293Z"}}, {"model": "products.review", "pk": 9, "fields": {"rating": 34, "headline": "great", "content": "wooooooo", "date_added": "2021-06-14T13:38:34.200Z"}}, {"model": "checkout.order", "pk": 6, "fields": {"order_number": "9216-5271-97CB", "user": 1, "first_name": "Ciaran", "last_name": "Concannon", "street_address_1": "Apartment 41", "street_address_2": "Rathmines Town Centre", "town_or_city": "Dublin 6", "county": "Dublin", "postcode": "D06 E221", "country": "IE", "phone_number": "0876723100", "date": "2021-06-19T15:11:59.474Z", "delivery_cost": "0.00", "order_total": "424.00", "grand_total": "424.00", "original_cart": "{\"21\": 1, \"20\": 1, \"17\": 1}", "stripe_pid": "pi_1J45ppAV9QlUZ0rROAvZFL7L"}}, {"model": "checkout.order", "pk": 8, "fields": {"order_number": "EEE6-C970-546F", "user": 1, "first_name": "Ciaran", "last_name": "Concannon", "street_address_1": "Apartment 41", "street_address_2": "Rathmines Town Centre", "town_or_city": "Dublin 6", "county": "Dublin", "postcode": "D06 E221", "country": "IE", "phone_number": "0876723100", "date": "2021-06-19T15:24:05.812Z", "delivery_cost": "0.00", "order_total": "543.00", "grand_total": "543.00", "original_cart": "{\"21\": 1, \"17\": 1, \"14\": 1, \"15\": 1}", "stripe_pid": "pi_1J461XAV9QlUZ0rRoSA9YhV2"}}, {"model": "checkout.order", "pk": 9, "fields": {"order_number": "28EA-A23F-A403", "user": 1, "first_name": "Ciaran", "last_name": "Concannon", "street_address_1": "Apartment 41", "street_address_2": "Rathmines Town Centre", "town_or_city": "Dublin 6", "county": "Dublin", "postcode": "D06 E221", "country": "IE", "phone_number": "0876723100", "date": "2021-06-19T15:58:56.397Z", "delivery_cost": "0.00", "order_total": "4034.00", "grand_total": "4034.00", "original_cart": "{\"18\": 1, \"8\": 1, \"21\": 1}", "stripe_pid": "pi_1J46ZDAV9QlUZ0rRFvB42rAV"}}, {"model": "checkout.order", "pk": 10, "fields": {"order_number": "1542-AA72-7F61", "user": 12, "first_name": "Bill", "last_name": "Example", "street_address_1": "asdfasdf", "street_address_2": null, "town_or_city": "asdfasdf", "county": "asdfasdf", "postcode": "asdfasdf", "country": "IE", "phone_number": "345345345345", "date": "2021-06-20T11:50:33.902Z", "delivery_cost": "0.00", "order_total": "400.00", "grand_total": "400.00", "original_cart": "{\"24\": 1}", "stripe_pid": "pi_1J4PAPAV9QlUZ0rRR207cEPC"}}, {"model": "checkout.orderlineitem", "pk": 11, "fields": {"order": 6, "product": 21, "quantity": 1, "lineitem_total": "45.00"}}, {"model": "checkout.orderlineitem", "pk": 12, "fields": {"order": 6, "product": 20, "quantity": 1, "lineitem_total": "379.00"}}, {"model": "checkout.orderlineitem", "pk": 17, "fields": {"order": 8, "product": 21, "quantity": 1, "lineitem_total": "45.00"}}, {"model": "checkout.orderlineitem", "pk": 19, "fields": {"order": 8, "product": 14, "quantity": 1, "lineitem_total": "498.00"}}, {"model": "checkout.orderlineitem", "pk": 21, "fields": {"order": 9, "product": 18, "quantity": 1, "lineitem_total": "1190.00"}}, {"model": "checkout.orderlineitem", "pk": 22, "fields": {"order": 9, "product": 8, "quantity": 1, "lineitem_total": "2799.00"}}, {"model": "checkout.orderlineitem", "pk": 23, "fields": {"order": 9, "product": 21, "quantity": 1, "lineitem_total": "45.00"}}, {"model": "checkout.orderlineitem", "pk": 24, "fields": {"order": 10, "product": 24, "quantity": 1, "lineitem_total": "400.00"}}, {"model": "sessions.session", "pk": "2a8mhnyt5hhpk0gtvslrta3ts548ftgn", "fields": {"session_data": "eyJjYXJ0Ijp7IjIxIjpudWxsLCIxOCI6NX19:1lqFqU:ygRP7YO2_79PW2MaqnxsaBN6pGZmVUDRg-8R2ak6Enc", "expire_date": "2021-06-21T14:03:14.030Z"}}, {"model": "sessions.session", "pk": "3im252kps76y16kyhsz5ka72fq9lgs1i", "fields": {"session_data": ".eJxVjMsOwiAURP-FtSFS3i7d-w0E7uVK1UBS2pXx36VJF7qaZM6ZebMQt7WEreclzMguTLDTb5ciPHPdAT5ivTcOra7LnPiu8IN2fmuYX9fD_TsosZexjmCdgKy0JqOsgUwoRp7VBJ60I9RJIpF3UhIoq1ISE8GQjEevIrHPF_YsOLI:1luyWS:LSjez5FGkG-VVr14fE2t3jAGDnJ_vqcFHDi63kjVzlE", "expire_date": "2021-07-04T14:34:04.568Z"}}, {"model": "sessions.session", "pk": "9giopg3k5d4gcqg64vn0c6ntcyo1t6od", "fields": {"session_data": "eyJjYXJ0Ijp7IjciOjF9fQ:1lqihy:jRL1tH68qdpsZqvsjv1cOp76dVrLKvn1my1B4Pd-s1s", "expire_date": "2021-06-22T20:52:22.865Z"}}, {"model": "sessions.session", "pk": "amfer2c8tfwrhzi5s68oj1on42jaokls", "fields": {"session_data": ".eJxVjMsOwiAURP-FtSGAPMSl-34DuQ-QqqFJaVfGf7dNutDVJHPOzFskWJea1p7nNLK4Cm3E6bdEoGduO-EHtPskaWrLPKLcFXnQLoeJ8-t2uH8HFXrd1s4zOlbWbQGRVSiIwWn00WhvDJFzFEtGq-FSFBdLZ6usDqwKARYSny8WSDjh:1luvyD:4oiZDuow7ArvrOC2g44Bmp9OVRi_vlIS3izmNvw7Odk", "expire_date": "2021-07-04T11:50:33.946Z"}}, {"model": "sessions.session", "pk": "bfkh68ybrsjo64cwhh15fl54bogjyixl", "fields": {"session_data": "eyJjYXJ0Ijp7IjE4IjoxLCIxOSI6MX19:1lqia6:BgSW3f5ddm4yqBEY7tvdZOg2a_z4MvoZQt-7BMCdMwo", "expire_date": "2021-06-22T20:44:14.817Z"}}, {"model": "sessions.session", "pk": "e376vv3vg1q6pb4ryx7yekohk5si9nnn", "fields": {"session_data": ".eJxVjMsOwiAQRf-FtSGADA-X7vsNZGBGqRqalHZl_HfbpAvdnnPufYuE61LT2nlOI4mL0OL0yzKWJ7dd0APbfZJlass8Zrkn8rBdDhPx63q0fwcVe93W9ha1LgbQBk0M2nFBiDZEUBk2QhycCdGrEJViUp6MB-_O2tjMppD4fAHJOjcc:1ltc9S:BAJdYNdgYMIHfwN6tN1gbHUriDTeJuRVOVzWrNNnbKw", "expire_date": "2021-06-30T20:28:42.357Z"}}, {"model": "sessions.session", "pk": "el0p5jhjgipb9syejrn2x1et0iokfij0", "fields": {"session_data": "eyJjYXJ0Ijp7IjQiOjV9fQ:1lqkRP:Y3pYv-QDdRJubIawrkKfDf7R3UrSyLRDMHtW2jzmwL8", "expire_date": "2021-06-22T22:43:23.835Z"}}, {"model": "sessions.session", "pk": "g2i8qhig5bsxfvz9tnb6zcgqu2jzhq6o", "fields": {"session_data": ".eJxVjDsOgzAQBe-yNbK8Gxt_yvScAdneTSCJQOJTIe4ekGhoZ-a9DUqaFogbEEKkCkhDxL2CNq1L166zTG3PEAHhxnIqXxlOwZ80vEdVxmGZ-qzORF12Vs3I8nte7e2gS3N3rM0rIBayyXhksVhLSTYYH6zO9iAsviYfnPZBa2HtmJx19QPJZKHCsP8B1s88uA:1lqjCn:RolTOlxDrTJ-oSyHThVMW7FDYfcvIfkDw9mkD_uFPo4", "expire_date": "2021-06-22T21:24:13.127Z"}}, {"model": "sessions.session", "pk": "mr2koimklvakw4lsih0j6vqzy5vv8q7a", "fields": {"session_data": ".eJxVjMsOwiAQRf-FtSGADA-X7vsNZGBGqRqalHZl_HfbpAvdnnPufYuE61LT2nlOI4mL0OL0yzKWJ7dd0APbfZJlass8Zrkn8rBdDhPx63q0fwcVe93W9ha1LgbQBk0M2nFBiDZEUBk2QhycCdGrEJViUp6MB-_O2tjMppD4fAHJOjcc:1luZYJ:EaFbQ-cpVU2e6-HyJSnEWo0C-1rOqw_eeRzuI7UG-Cw", "expire_date": "2021-07-03T11:54:19.562Z"}}, {"model": "sessions.session", "pk": "mrxfvh2cnstzs5ldbfkcriglsgas36s1", "fields": {"session_data": "eyJjYXJ0Ijp7IjIxIjo1LCIxNiI6N319:1lqGJ0:YzfuLdaPAqeQW6W3mt7ofSwJKnhrRZ3VOxqjUiWoEN0", "expire_date": "2021-06-21T14:32:42.113Z"}}, {"model": "sessions.session", "pk": "s6alkda83c8kvsil2nwae34gp0uuvyjc", "fields": {"session_data": "eyJjYXJ0Ijp7IjE3IjoyLCIyIjoxfX0:1lqi01:mqUX526c4JsLaUUl-sMll0xRcKv8Yb2PllWpWtIjhEM", "expire_date": "2021-06-22T20:06:57.437Z"}}, {"model": "sessions.session", "pk": "sz1njoecudl9p10sl1nyxyitq0cjyn07", "fields": {"session_data": "eyJjYXJ0Ijp7IjE5IjoyfX0:1lqifm:0loT0TT4vRZ9GyZfyt-cpwrTdf36jXe8QH3r9IxGPl4", "expire_date": "2021-06-22T20:50:06.661Z"}}, {"model": "sessions.session", "pk": "td4c0l5hz10kou6ogbdi818p7fcqlxkk", "fields": {"session_data": "eyJjYXJ0Ijp7IjIxIjoyLCIxMSI6MX19:1lqhcQ:uG3pyf0KU_5Sn8t5lr6nPEa392-yKJyv09MjnLUL48A", "expire_date": "2021-06-22T19:42:34.669Z"}}, {"model": "sessions.session", "pk": "wb6rl89wa8jxggs23ochgdy4vlmckfos", "fields": {"session_data": "eyJjYXJ0Ijp7IjIxIjoyLCIxOCI6MX19:1lqeKC:rFMpEpRivThfrddAd5LvDzWCdVxKXSg4ze_kW4G_UJY", "expire_date": "2021-06-22T16:11:32.515Z"}}, {"model": "sessions.session", "pk": "xjdgm3lx22r1wz1jxjmmiah6uruze9tu", "fields": {"session_data": "eyJjYXJ0Ijp7IjE5IjoxfX0:1lqicE:7CsxVOparxlepf_zhHGS56n45210jf-sMfko_7g5uKE", "expire_date": "2021-06-22T20:46:26.167Z"}}, {"model": "sessions.session", "pk": "yd6ybpk1iwp8xoo7o5lommq0y3867hfc", "fields": {"session_data": ".eJxVjEEOgjAQRe8ya9N0aktblu49A5l2RosaSAqsCHcXEha6fe_9v0JHy1y6ZZLa9QwtIFx-WaL8luEQ_KLhOao8DnPtkzoSddpJ3UeWz-1s_w4KTWVf20dEzMaRDcjisJFMLtoQnU5uJyyhMSF6HaLWwtqz8c43VzQ2icnHaaY6Q7sCemhx275dpDt_:1luO5F:qy1ctZgexHTIv1BI9fjzFcGIlpKs9d5gUPhAmsqI7xg", "expire_date": "2021-07-02T23:39:33.031Z"}}, {"model": "sessions.session", "pk": "yjc6i0wwklle6at0sh4ydfm4i65efw9g", "fields": {"session_data": "eyJjYXJ0Ijp7IjExIjoyLCIxNiI6MX19:1lqNsa:rtkCy0_Zvt-uJByPw-nGHyCxVA0EohZzLixBtgkGl78", "expire_date": "2021-06-21T22:37:56.569Z"}}, {"model": "sessions.session", "pk": "z0mtww2tyso7h7j2lox1d8tr85z72zy8", "fields": {"session_data": "eyJjYXJ0Ijp7IjQiOjEwLCIxMSI6MX19:1lqkpp:kozUHr0f7CeUZ85tSa_Jd0r-2GbdYJOW_cVGhGOPQbY", "expire_date": "2021-06-22T23:08:37.337Z"}}, {"model": "sessions.session", "pk": "zo4gt48ziuvyh8sma6ffq323wss389rb", "fields": {"session_data": "eyJjYXJ0Ijp7IjQiOjEwLCIxMSI6MX19:1lqkor:eUhtVWT5RsTp22mAVjhLj0f2Ha11qICD6Ke2C55eYUM", "expire_date": "2021-06-22T23:07:37.298Z"}}, {"model": "sessions.session", "pk": "zthizqfptqat6n74uclgf2qp15bnai6q", "fields": {"session_data": ".eJxVjMsOwiAURP-FtSFS3i7d-w0E7uVK1UBS2pXx36VJF7qaZM6ZebMQt7WEreclzMguTLDTb5ciPHPdAT5ivTcOra7LnPiu8IN2fmuYX9fD_TsosZexjmCdgKy0JqOsgUwoRp7VBJ60I9RJIpF3UhIoq1ISE8GQjEevIrHPF_YsOLI:1lv1GK:SQKGOWjNjtxJWBCQVdR5YcEqGETN6m00QZLYXsUgCzY", "expire_date": "2021-07-04T17:29:36.108Z"}}]